Target;Target_Namespace;Target_Type;Target_Method;Job_Id;Job_AnalyzeLaunchVariance;Job_EvaluateOverhead;Job_MaxAbsoluteError;Job_MaxRelativeError;Job_MinInvokeCount;Job_MinIterationTime;Job_OutlierMode;Job_Affinity;Job_EnvironmentVariables;Job_Jit;Job_Platform;Job_Runtime;Job_AllowVeryLargeObjects;Job_Concurrent;Job_CpuGroups;Job_Force;Job_HeapAffinitizeMask;Job_HeapCount;Job_NoAffinitize;Job_RetainVm;Job_Server;Job_PowerPlan;Job_Arguments;Job_BuildConfiguration;Job_Clock;Job_EngineFactory;Job_NuGetReferences;Job_Toolchain;Job_IsMutator;Job_InvocationCount;Job_IterationCount;Job_IterationTime;Job_LaunchCount;Job_MaxIterationCount;Job_MaxWarmupIterationCount;Job_MinIterationCount;Job_MinWarmupIterationCount;Job_RunStrategy;Job_UnrollFactor;Job_WarmupCount;Job_Display;Params;Measurement_LaunchIndex;Measurement_IterationMode;Measurement_IterationStage;Measurement_IterationIndex;Measurement_Nanoseconds;Measurement_Operations;Measurement_Value
Algo_Md5VsSha256.Md5;ConsoleApp;Algo_Md5VsSha256;Md5;Default;Default;Default;Default;Default;Default;Default;Default;Default;Default;Default;Default;Default;Default;Default;Default;Default;Default;Default;Default;Default;Default;Default;Default;Default;Default;Default;Default;Default;Default;Default;Default;Default;Default;Default;Default;Default;Default;Default;Default;Default;DefaultJob;;1;Overhead;Jitting;1;885200;1;885200
Algo_Md5VsSha256.Md5;ConsoleApp;Algo_Md5VsSha256;Md5;Default;Default;Default;Default;Default;Default;Default;Default;Default;Default;Default;Default;Default;Default;Default;Default;Default;Default;Default;Default;Default;Default;Default;Default;Default;Default;Default;Default;Default;Default;Default;Default;Default;Default;Default;Default;Default;Default;Default;Default;Default;DefaultJob;;1;Workload;Jitting;1;4273900;1;4273900
Algo_Md5VsSha256.Md5;ConsoleApp;Algo_Md5VsSha256;Md5;Default;Default;Default;Default;Default;Default;Default;Default;Default;Default;Default;Default;Default;Default;Default;Default;Default;Default;Default;Default;Default;Default;Default;Default;Default;Default;Default;Default;Default;Default;Default;Default;Default;Default;Default;Default;Default;Default;Default;Default;Default;DefaultJob;;1;Overhead;Jitting;2;2116200;16;132262.5
Algo_Md5VsSha256.Md5;ConsoleApp;Algo_Md5VsSha256;Md5;Default;Default;Default;Default;Default;Default;Default;Default;Default;Default;Default;Default;Default;Default;Default;Default;Default;Default;Default;Default;Default;Default;Default;Default;Default;Default;Default;Default;Default;Default;Default;Default;Default;Default;Default;Default;Default;Default;Default;Default;Default;DefaultJob;;1;Workload;Jitting;2;2516900;16;157306.25
Algo_Md5VsSha256.Md5;ConsoleApp;Algo_Md5VsSha256;Md5;Default;Default;Default;Default;Default;Default;Default;Default;Default;Default;Default;Default;Default;Default;Default;Default;Default;Default;Default;Default;Default;Default;Default;Default;Default;Default;Default;Default;Default;Default;Default;Default;Default;Default;Default;Default;Default;Default;Default;Default;Default;DefaultJob;;1;Workload;Pilot;1;400200;16;25012.5
Algo_Md5VsSha256.Md5;ConsoleApp;Algo_Md5VsSha256;Md5;Default;Default;Default;Default;Default;Default;Default;Default;Default;Default;Default;Default;Default;Default;Default;Default;Default;Default;Default;Default;Default;Default;Default;Default;Default;Default;Default;Default;Default;Default;Default;Default;Default;Default;Default;Default;Default;Default;Default;Default;Default;DefaultJob;;1;Workload;Pilot;2;967000;32;30218.75
Algo_Md5VsSha256.Md5;ConsoleApp;Algo_Md5VsSha256;Md5;Default;Default;Default;Default;Default;Default;Default;Default;Default;Default;Default;Default;Default;Default;Default;Default;Default;Default;Default;Default;Default;Default;Default;Default;Default;Default;Default;Default;Default;Default;Default;Default;Default;Default;Default;Default;Default;Default;Default;Default;Default;DefaultJob;;1;Workload;Pilot;3;2136800;64;33387.5
Algo_Md5VsSha256.Md5;ConsoleApp;Algo_Md5VsSha256;Md5;Default;Default;Default;Default;Default;Default;Default;Default;Default;Default;Default;Default;Default;Default;Default;Default;Default;Default;Default;Default;Default;Default;Default;Default;Default;Default;Default;Default;Default;Default;Default;Default;Default;Default;Default;Default;Default;Default;Default;Default;Default;DefaultJob;;1;Workload;Pilot;4;3528200;128;27564.06
Algo_Md5VsSha256.Md5;ConsoleApp;Algo_Md5VsSha256;Md5;Default;Default;Default;Default;Default;Default;Default;Default;Default;Default;Default;Default;Default;Default;Default;Default;Default;Default;Default;Default;Default;Default;Default;Default;Default;Default;Default;Default;Default;Default;Default;Default;Default;Default;Default;Default;Default;Default;Default;Default;Default;DefaultJob;;1;Workload;Pilot;5;6548400;256;25579.69
Algo_Md5VsSha256.Md5;ConsoleApp;Algo_Md5VsSha256;Md5;Default;Default;Default;Default;Default;Default;Default;Default;Default;Default;Default;Default;Default;Default;Default;Default;Default;Default;Default;Default;Default;Default;Default;Default;Default;Default;Default;Default;Default;Default;Default;Default;Default;Default;Default;Default;Default;Default;Default;Default;Default;DefaultJob;;1;Workload;Pilot;6;13391500;512;26155.27
Algo_Md5VsSha256.Md5;ConsoleApp;Algo_Md5VsSha256;Md5;Default;Default;Default;Default;Default;Default;Default;Default;Default;Default;Default;Default;Default;Default;Default;Default;Default;Default;Default;Default;Default;Default;Default;Default;Default;Default;Default;Default;Default;Default;Default;Default;Default;Default;Default;Default;Default;Default;Default;Default;Default;DefaultJob;;1;Workload;Pilot;7;25892500;1024;25285.64
Algo_Md5VsSha256.Md5;ConsoleApp;Algo_Md5VsSha256;Md5;Default;Default;Default;Default;Default;Default;Default;Default;Default;Default;Default;Default;Default;Default;Default;Default;Default;Default;Default;Default;Default;Default;Default;Default;Default;Default;Default;Default;Default;Default;Default;Default;Default;Default;Default;Default;Default;Default;Default;Default;Default;DefaultJob;;1;Workload;Pilot;8;50881300;2048;24844.38
Algo_Md5VsSha256.Md5;ConsoleApp;Algo_Md5VsSha256;Md5;Default;Default;Default;Default;Default;Default;Default;Default;Default;Default;Default;Default;Default;Default;Default;Default;Default;Default;Default;Default;Default;Default;Default;Default;Default;Default;Default;Default;Default;Default;Default;Default;Default;Default;Default;Default;Default;Default;Default;Default;Default;DefaultJob;;1;Workload;Pilot;9;99820500;4096;24370.24
Algo_Md5VsSha256.Md5;ConsoleApp;Algo_Md5VsSha256;Md5;Default;Default;Default;Default;Default;Default;Default;Default;Default;Default;Default;Default;Default;Default;Default;Default;Default;Default;Default;Default;Default;Default;Default;Default;Default;Default;Default;Default;Default;Default;Default;Default;Default;Default;Default;Default;Default;Default;Default;Default;Default;DefaultJob;;1;Workload;Pilot;10;192608000;8192;23511.72
Algo_Md5VsSha256.Md5;ConsoleApp;Algo_Md5VsSha256;Md5;Default;Default;Default;Default;Default;Default;Default;Default;Default;Default;Default;Default;Default;Default;Default;Default;Default;Default;Default;Default;Default;Default;Default;Default;Default;Default;Default;Default;Default;Default;Default;Default;Default;Default;Default;Default;Default;Default;Default;Default;Default;DefaultJob;;1;Workload;Pilot;11;379914700;16384;23188.15
Algo_Md5VsSha256.Md5;ConsoleApp;Algo_Md5VsSha256;Md5;Default;Default;Default;Default;Default;Default;Default;Default;Default;Default;Default;Default;Default;Default;Default;Default;Default;Default;Default;Default;Default;Default;Default;Default;Default;Default;Default;Default;Default;Default;Default;Default;Default;Default;Default;Default;Default;Default;Default;Default;Default;DefaultJob;;1;Workload;Pilot;12;757809100;32768;23126.5
Algo_Md5VsSha256.Md5;ConsoleApp;Algo_Md5VsSha256;Md5;Default;Default;Default;Default;Default;Default;Default;Default;Default;Default;Default;Default;Default;Default;Default;Default;Default;Default;Default;Default;Default;Default;Default;Default;Default;Default;Default;Default;Default;Default;Default;Default;Default;Default;Default;Default;Default;Default;Default;Default;Default;DefaultJob;;1;Overhead;Warmup;1;192800;32768;5.88
Algo_Md5VsSha256.Md5;ConsoleApp;Algo_Md5VsSha256;Md5;Default;Default;Default;Default;Default;Default;Default;Default;Default;Default;Default;Default;Default;Default;Default;Default;Default;Default;Default;Default;Default;Default;Default;Default;Default;Default;Default;Default;Default;Default;Default;Default;Default;Default;Default;Default;Default;Default;Default;Default;Default;DefaultJob;;1;Overhead;Warmup;2;166200;32768;5.07
Algo_Md5VsSha256.Md5;ConsoleApp;Algo_Md5VsSha256;Md5;Default;Default;Default;Default;Default;Default;Default;Default;Default;Default;Default;Default;Default;Default;Default;Default;Default;Default;Default;Default;Default;Default;Default;Default;Default;Default;Default;Default;Default;Default;Default;Default;Default;Default;Default;Default;Default;Default;Default;Default;Default;DefaultJob;;1;Overhead;Warmup;3;194900;32768;5.95
Algo_Md5VsSha256.Md5;ConsoleApp;Algo_Md5VsSha256;Md5;Default;Default;Default;Default;Default;Default;Default;Default;Default;Default;Default;Default;Default;Default;Default;Default;Default;Default;Default;Default;Default;Default;Default;Default;Default;Default;Default;Default;Default;Default;Default;Default;Default;Default;Default;Default;Default;Default;Default;Default;Default;DefaultJob;;1;Overhead;Warmup;4;163400;32768;4.99
Algo_Md5VsSha256.Md5;ConsoleApp;Algo_Md5VsSha256;Md5;Default;Default;Default;Default;Default;Default;Default;Default;Default;Default;Default;Default;Default;Default;Default;Default;Default;Default;Default;Default;Default;Default;Default;Default;Default;Default;Default;Default;Default;Default;Default;Default;Default;Default;Default;Default;Default;Default;Default;Default;Default;DefaultJob;;1;Overhead;Warmup;5;197100;32768;6.02
Algo_Md5VsSha256.Md5;ConsoleApp;Algo_Md5VsSha256;Md5;Default;Default;Default;Default;Default;Default;Default;Default;Default;Default;Default;Default;Default;Default;Default;Default;Default;Default;Default;Default;Default;Default;Default;Default;Default;Default;Default;Default;Default;Default;Default;Default;Default;Default;Default;Default;Default;Default;Default;Default;Default;DefaultJob;;1;Overhead;Warmup;6;158400;32768;4.83
Algo_Md5VsSha256.Md5;ConsoleApp;Algo_Md5VsSha256;Md5;Default;Default;Default;Default;Default;Default;Default;Default;Default;Default;Default;Default;Default;Default;Default;Default;Default;Default;Default;Default;Default;Default;Default;Default;Default;Default;Default;Default;Default;Default;Default;Default;Default;Default;Default;Default;Default;Default;Default;Default;Default;DefaultJob;;1;Overhead;Actual;1;171800;32768;5.24
Algo_Md5VsSha256.Md5;ConsoleApp;Algo_Md5VsSha256;Md5;Default;Default;Default;Default;Default;Default;Default;Default;Default;Default;Default;Default;Default;Default;Default;Default;Default;Default;Default;Default;Default;Default;Default;Default;Default;Default;Default;Default;Default;Default;Default;Default;Default;Default;Default;Default;Default;Default;Default;Default;Default;DefaultJob;;1;Overhead;Actual;2;189700;32768;5.79
Algo_Md5VsSha256.Md5;ConsoleApp;Algo_Md5VsSha256;Md5;Default;Default;Default;Default;Default;Default;Default;Default;Default;Default;Default;Default;Default;Default;Default;Default;Default;Default;Default;Default;Default;Default;Default;Default;Default;Default;Default;Default;Default;Default;Default;Default;Default;Default;Default;Default;Default;Default;Default;Default;Default;DefaultJob;;1;Overhead;Actual;3;184700;32768;5.64
Algo_Md5VsSha256.Md5;ConsoleApp;Algo_Md5VsSha256;Md5;Default;Default;Default;Default;Default;Default;Default;Default;Default;Default;Default;Default;Default;Default;Default;Default;Default;Default;Default;Default;Default;Default;Default;Default;Default;Default;Default;Default;Default;Default;Default;Default;Default;Default;Default;Default;Default;Default;Default;Default;Default;DefaultJob;;1;Overhead;Actual;4;190100;32768;5.8
Algo_Md5VsSha256.Md5;ConsoleApp;Algo_Md5VsSha256;Md5;Default;Default;Default;Default;Default;Default;Default;Default;Default;Default;Default;Default;Default;Default;Default;Default;Default;Default;Default;Default;Default;Default;Default;Default;Default;Default;Default;Default;Default;Default;Default;Default;Default;Default;Default;Default;Default;Default;Default;Default;Default;DefaultJob;;1;Overhead;Actual;5;190900;32768;5.83
Algo_Md5VsSha256.Md5;ConsoleApp;Algo_Md5VsSha256;Md5;Default;Default;Default;Default;Default;Default;Default;Default;Default;Default;Default;Default;Default;Default;Default;Default;Default;Default;Default;Default;Default;Default;Default;Default;Default;Default;Default;Default;Default;Default;Default;Default;Default;Default;Default;Default;Default;Default;Default;Default;Default;DefaultJob;;1;Overhead;Actual;6;179900;32768;5.49
Algo_Md5VsSha256.Md5;ConsoleApp;Algo_Md5VsSha256;Md5;Default;Default;Default;Default;Default;Default;Default;Default;Default;Default;Default;Default;Default;Default;Default;Default;Default;Default;Default;Default;Default;Default;Default;Default;Default;Default;Default;Default;Default;Default;Default;Default;Default;Default;Default;Default;Default;Default;Default;Default;Default;DefaultJob;;1;Overhead;Actual;7;294100;32768;8.98
Algo_Md5VsSha256.Md5;ConsoleApp;Algo_Md5VsSha256;Md5;Default;Default;Default;Default;Default;Default;Default;Default;Default;Default;Default;Default;Default;Default;Default;Default;Default;Default;Default;Default;Default;Default;Default;Default;Default;Default;Default;Default;Default;Default;Default;Default;Default;Default;Default;Default;Default;Default;Default;Default;Default;DefaultJob;;1;Overhead;Actual;8;234300;32768;7.15
Algo_Md5VsSha256.Md5;ConsoleApp;Algo_Md5VsSha256;Md5;Default;Default;Default;Default;Default;Default;Default;Default;Default;Default;Default;Default;Default;Default;Default;Default;Default;Default;Default;Default;Default;Default;Default;Default;Default;Default;Default;Default;Default;Default;Default;Default;Default;Default;Default;Default;Default;Default;Default;Default;Default;DefaultJob;;1;Overhead;Actual;9;212700;32768;6.49
Algo_Md5VsSha256.Md5;ConsoleApp;Algo_Md5VsSha256;Md5;Default;Default;Default;Default;Default;Default;Default;Default;Default;Default;Default;Default;Default;Default;Default;Default;Default;Default;Default;Default;Default;Default;Default;Default;Default;Default;Default;Default;Default;Default;Default;Default;Default;Default;Default;Default;Default;Default;Default;Default;Default;DefaultJob;;1;Overhead;Actual;10;217600;32768;6.64
Algo_Md5VsSha256.Md5;ConsoleApp;Algo_Md5VsSha256;Md5;Default;Default;Default;Default;Default;Default;Default;Default;Default;Default;Default;Default;Default;Default;Default;Default;Default;Default;Default;Default;Default;Default;Default;Default;Default;Default;Default;Default;Default;Default;Default;Default;Default;Default;Default;Default;Default;Default;Default;Default;Default;DefaultJob;;1;Overhead;Actual;11;177400;32768;5.41
Algo_Md5VsSha256.Md5;ConsoleApp;Algo_Md5VsSha256;Md5;Default;Default;Default;Default;Default;Default;Default;Default;Default;Default;Default;Default;Default;Default;Default;Default;Default;Default;Default;Default;Default;Default;Default;Default;Default;Default;Default;Default;Default;Default;Default;Default;Default;Default;Default;Default;Default;Default;Default;Default;Default;DefaultJob;;1;Overhead;Actual;12;188800;32768;5.76
Algo_Md5VsSha256.Md5;ConsoleApp;Algo_Md5VsSha256;Md5;Default;Default;Default;Default;Default;Default;Default;Default;Default;Default;Default;Default;Default;Default;Default;Default;Default;Default;Default;Default;Default;Default;Default;Default;Default;Default;Default;Default;Default;Default;Default;Default;Default;Default;Default;Default;Default;Default;Default;Default;Default;DefaultJob;;1;Overhead;Actual;13;181200;32768;5.53
Algo_Md5VsSha256.Md5;ConsoleApp;Algo_Md5VsSha256;Md5;Default;Default;Default;Default;Default;Default;Default;Default;Default;Default;Default;Default;Default;Default;Default;Default;Default;Default;Default;Default;Default;Default;Default;Default;Default;Default;Default;Default;Default;Default;Default;Default;Default;Default;Default;Default;Default;Default;Default;Default;Default;DefaultJob;;1;Overhead;Actual;14;222600;32768;6.79
Algo_Md5VsSha256.Md5;ConsoleApp;Algo_Md5VsSha256;Md5;Default;Default;Default;Default;Default;Default;Default;Default;Default;Default;Default;Default;Default;Default;Default;Default;Default;Default;Default;Default;Default;Default;Default;Default;Default;Default;Default;Default;Default;Default;Default;Default;Default;Default;Default;Default;Default;Default;Default;Default;Default;DefaultJob;;1;Overhead;Actual;15;167200;32768;5.1
Algo_Md5VsSha256.Md5;ConsoleApp;Algo_Md5VsSha256;Md5;Default;Default;Default;Default;Default;Default;Default;Default;Default;Default;Default;Default;Default;Default;Default;Default;Default;Default;Default;Default;Default;Default;Default;Default;Default;Default;Default;Default;Default;Default;Default;Default;Default;Default;Default;Default;Default;Default;Default;Default;Default;DefaultJob;;1;Overhead;Actual;16;168600;32768;5.15
Algo_Md5VsSha256.Md5;ConsoleApp;Algo_Md5VsSha256;Md5;Default;Default;Default;Default;Default;Default;Default;Default;Default;Default;Default;Default;Default;Default;Default;Default;Default;Default;Default;Default;Default;Default;Default;Default;Default;Default;Default;Default;Default;Default;Default;Default;Default;Default;Default;Default;Default;Default;Default;Default;Default;DefaultJob;;1;Overhead;Actual;17;202500;32768;6.18
Algo_Md5VsSha256.Md5;ConsoleApp;Algo_Md5VsSha256;Md5;Default;Default;Default;Default;Default;Default;Default;Default;Default;Default;Default;Default;Default;Default;Default;Default;Default;Default;Default;Default;Default;Default;Default;Default;Default;Default;Default;Default;Default;Default;Default;Default;Default;Default;Default;Default;Default;Default;Default;Default;Default;DefaultJob;;1;Overhead;Actual;18;253000;32768;7.72
Algo_Md5VsSha256.Md5;ConsoleApp;Algo_Md5VsSha256;Md5;Default;Default;Default;Default;Default;Default;Default;Default;Default;Default;Default;Default;Default;Default;Default;Default;Default;Default;Default;Default;Default;Default;Default;Default;Default;Default;Default;Default;Default;Default;Default;Default;Default;Default;Default;Default;Default;Default;Default;Default;Default;DefaultJob;;1;Overhead;Actual;19;184100;32768;5.62
Algo_Md5VsSha256.Md5;ConsoleApp;Algo_Md5VsSha256;Md5;Default;Default;Default;Default;Default;Default;Default;Default;Default;Default;Default;Default;Default;Default;Default;Default;Default;Default;Default;Default;Default;Default;Default;Default;Default;Default;Default;Default;Default;Default;Default;Default;Default;Default;Default;Default;Default;Default;Default;Default;Default;DefaultJob;;1;Overhead;Actual;20;229200;32768;6.99
Algo_Md5VsSha256.Md5;ConsoleApp;Algo_Md5VsSha256;Md5;Default;Default;Default;Default;Default;Default;Default;Default;Default;Default;Default;Default;Default;Default;Default;Default;Default;Default;Default;Default;Default;Default;Default;Default;Default;Default;Default;Default;Default;Default;Default;Default;Default;Default;Default;Default;Default;Default;Default;Default;Default;DefaultJob;;1;Workload;Warmup;1;756215800;32768;23077.87
Algo_Md5VsSha256.Md5;ConsoleApp;Algo_Md5VsSha256;Md5;Default;Default;Default;Default;Default;Default;Default;Default;Default;Default;Default;Default;Default;Default;Default;Default;Default;Default;Default;Default;Default;Default;Default;Default;Default;Default;Default;Default;Default;Default;Default;Default;Default;Default;Default;Default;Default;Default;Default;Default;Default;DefaultJob;;1;Workload;Warmup;2;745842900;32768;22761.32
Algo_Md5VsSha256.Md5;ConsoleApp;Algo_Md5VsSha256;Md5;Default;Default;Default;Default;Default;Default;Default;Default;Default;Default;Default;Default;Default;Default;Default;Default;Default;Default;Default;Default;Default;Default;Default;Default;Default;Default;Default;Default;Default;Default;Default;Default;Default;Default;Default;Default;Default;Default;Default;Default;Default;DefaultJob;;1;Workload;Warmup;3;747764900;32768;22819.97
Algo_Md5VsSha256.Md5;ConsoleApp;Algo_Md5VsSha256;Md5;Default;Default;Default;Default;Default;Default;Default;Default;Default;Default;Default;Default;Default;Default;Default;Default;Default;Default;Default;Default;Default;Default;Default;Default;Default;Default;Default;Default;Default;Default;Default;Default;Default;Default;Default;Default;Default;Default;Default;Default;Default;DefaultJob;;1;Workload;Warmup;4;737925400;32768;22519.7
Algo_Md5VsSha256.Md5;ConsoleApp;Algo_Md5VsSha256;Md5;Default;Default;Default;Default;Default;Default;Default;Default;Default;Default;Default;Default;Default;Default;Default;Default;Default;Default;Default;Default;Default;Default;Default;Default;Default;Default;Default;Default;Default;Default;Default;Default;Default;Default;Default;Default;Default;Default;Default;Default;Default;DefaultJob;;1;Workload;Warmup;5;745456200;32768;22749.52
Algo_Md5VsSha256.Md5;ConsoleApp;Algo_Md5VsSha256;Md5;Default;Default;Default;Default;Default;Default;Default;Default;Default;Default;Default;Default;Default;Default;Default;Default;Default;Default;Default;Default;Default;Default;Default;Default;Default;Default;Default;Default;Default;Default;Default;Default;Default;Default;Default;Default;Default;Default;Default;Default;Default;DefaultJob;;1;Workload;Warmup;6;735338300;32768;22440.74
Algo_Md5VsSha256.Md5;ConsoleApp;Algo_Md5VsSha256;Md5;Default;Default;Default;Default;Default;Default;Default;Default;Default;Default;Default;Default;Default;Default;Default;Default;Default;Default;Default;Default;Default;Default;Default;Default;Default;Default;Default;Default;Default;Default;Default;Default;Default;Default;Default;Default;Default;Default;Default;Default;Default;DefaultJob;;1;Workload;Actual;1;759180000;32768;23168.33
Algo_Md5VsSha256.Md5;ConsoleApp;Algo_Md5VsSha256;Md5;Default;Default;Default;Default;Default;Default;Default;Default;Default;Default;Default;Default;Default;Default;Default;Default;Default;Default;Default;Default;Default;Default;Default;Default;Default;Default;Default;Default;Default;Default;Default;Default;Default;Default;Default;Default;Default;Default;Default;Default;Default;DefaultJob;;1;Workload;Actual;2;737518200;32768;22507.27
Algo_Md5VsSha256.Md5;ConsoleApp;Algo_Md5VsSha256;Md5;Default;Default;Default;Default;Default;Default;Default;Default;Default;Default;Default;Default;Default;Default;Default;Default;Default;Default;Default;Default;Default;Default;Default;Default;Default;Default;Default;Default;Default;Default;Default;Default;Default;Default;Default;Default;Default;Default;Default;Default;Default;DefaultJob;;1;Workload;Actual;3;744698500;32768;22726.39
Algo_Md5VsSha256.Md5;ConsoleApp;Algo_Md5VsSha256;Md5;Default;Default;Default;Default;Default;Default;Default;Default;Default;Default;Default;Default;Default;Default;Default;Default;Default;Default;Default;Default;Default;Default;Default;Default;Default;Default;Default;Default;Default;Default;Default;Default;Default;Default;Default;Default;Default;Default;Default;Default;Default;DefaultJob;;1;Workload;Actual;4;739575100;32768;22570.04
Algo_Md5VsSha256.Md5;ConsoleApp;Algo_Md5VsSha256;Md5;Default;Default;Default;Default;Default;Default;Default;Default;Default;Default;Default;Default;Default;Default;Default;Default;Default;Default;Default;Default;Default;Default;Default;Default;Default;Default;Default;Default;Default;Default;Default;Default;Default;Default;Default;Default;Default;Default;Default;Default;Default;DefaultJob;;1;Workload;Actual;5;747134200;32768;22800.73
Algo_Md5VsSha256.Md5;ConsoleApp;Algo_Md5VsSha256;Md5;Default;Default;Default;Default;Default;Default;Default;Default;Default;Default;Default;Default;Default;Default;Default;Default;Default;Default;Default;Default;Default;Default;Default;Default;Default;Default;Default;Default;Default;Default;Default;Default;Default;Default;Default;Default;Default;Default;Default;Default;Default;DefaultJob;;1;Workload;Actual;6;744654700;32768;22725.06
Algo_Md5VsSha256.Md5;ConsoleApp;Algo_Md5VsSha256;Md5;Default;Default;Default;Default;Default;Default;Default;Default;Default;Default;Default;Default;Default;Default;Default;Default;Default;Default;Default;Default;Default;Default;Default;Default;Default;Default;Default;Default;Default;Default;Default;Default;Default;Default;Default;Default;Default;Default;Default;Default;Default;DefaultJob;;1;Workload;Actual;7;742131500;32768;22648.06
Algo_Md5VsSha256.Md5;ConsoleApp;Algo_Md5VsSha256;Md5;Default;Default;Default;Default;Default;Default;Default;Default;Default;Default;Default;Default;Default;Default;Default;Default;Default;Default;Default;Default;Default;Default;Default;Default;Default;Default;Default;Default;Default;Default;Default;Default;Default;Default;Default;Default;Default;Default;Default;Default;Default;DefaultJob;;1;Workload;Actual;8;742526500;32768;22660.11
Algo_Md5VsSha256.Md5;ConsoleApp;Algo_Md5VsSha256;Md5;Default;Default;Default;Default;Default;Default;Default;Default;Default;Default;Default;Default;Default;Default;Default;Default;Default;Default;Default;Default;Default;Default;Default;Default;Default;Default;Default;Default;Default;Default;Default;Default;Default;Default;Default;Default;Default;Default;Default;Default;Default;DefaultJob;;1;Workload;Actual;9;751516000;32768;22934.45
Algo_Md5VsSha256.Md5;ConsoleApp;Algo_Md5VsSha256;Md5;Default;Default;Default;Default;Default;Default;Default;Default;Default;Default;Default;Default;Default;Default;Default;Default;Default;Default;Default;Default;Default;Default;Default;Default;Default;Default;Default;Default;Default;Default;Default;Default;Default;Default;Default;Default;Default;Default;Default;Default;Default;DefaultJob;;1;Workload;Actual;10;742994900;32768;22674.4
Algo_Md5VsSha256.Md5;ConsoleApp;Algo_Md5VsSha256;Md5;Default;Default;Default;Default;Default;Default;Default;Default;Default;Default;Default;Default;Default;Default;Default;Default;Default;Default;Default;Default;Default;Default;Default;Default;Default;Default;Default;Default;Default;Default;Default;Default;Default;Default;Default;Default;Default;Default;Default;Default;Default;DefaultJob;;1;Workload;Actual;11;743712100;32768;22696.29
Algo_Md5VsSha256.Md5;ConsoleApp;Algo_Md5VsSha256;Md5;Default;Default;Default;Default;Default;Default;Default;Default;Default;Default;Default;Default;Default;Default;Default;Default;Default;Default;Default;Default;Default;Default;Default;Default;Default;Default;Default;Default;Default;Default;Default;Default;Default;Default;Default;Default;Default;Default;Default;Default;Default;DefaultJob;;1;Workload;Actual;12;738743500;32768;22544.66
Algo_Md5VsSha256.Md5;ConsoleApp;Algo_Md5VsSha256;Md5;Default;Default;Default;Default;Default;Default;Default;Default;Default;Default;Default;Default;Default;Default;Default;Default;Default;Default;Default;Default;Default;Default;Default;Default;Default;Default;Default;Default;Default;Default;Default;Default;Default;Default;Default;Default;Default;Default;Default;Default;Default;DefaultJob;;1;Workload;Actual;13;737847400;32768;22517.32
Algo_Md5VsSha256.Md5;ConsoleApp;Algo_Md5VsSha256;Md5;Default;Default;Default;Default;Default;Default;Default;Default;Default;Default;Default;Default;Default;Default;Default;Default;Default;Default;Default;Default;Default;Default;Default;Default;Default;Default;Default;Default;Default;Default;Default;Default;Default;Default;Default;Default;Default;Default;Default;Default;Default;DefaultJob;;1;Workload;Actual;14;752048200;32768;22950.69
Algo_Md5VsSha256.Md5;ConsoleApp;Algo_Md5VsSha256;Md5;Default;Default;Default;Default;Default;Default;Default;Default;Default;Default;Default;Default;Default;Default;Default;Default;Default;Default;Default;Default;Default;Default;Default;Default;Default;Default;Default;Default;Default;Default;Default;Default;Default;Default;Default;Default;Default;Default;Default;Default;Default;DefaultJob;;1;Workload;Actual;15;750454300;32768;22902.05
Algo_Md5VsSha256.Md5;ConsoleApp;Algo_Md5VsSha256;Md5;Default;Default;Default;Default;Default;Default;Default;Default;Default;Default;Default;Default;Default;Default;Default;Default;Default;Default;Default;Default;Default;Default;Default;Default;Default;Default;Default;Default;Default;Default;Default;Default;Default;Default;Default;Default;Default;Default;Default;Default;Default;DefaultJob;;1;Workload;Result;1;758990100;32768;23162.54
Algo_Md5VsSha256.Md5;ConsoleApp;Algo_Md5VsSha256;Md5;Default;Default;Default;Default;Default;Default;Default;Default;Default;Default;Default;Default;Default;Default;Default;Default;Default;Default;Default;Default;Default;Default;Default;Default;Default;Default;Default;Default;Default;Default;Default;Default;Default;Default;Default;Default;Default;Default;Default;Default;Default;DefaultJob;;1;Workload;Result;2;737328300;32768;22501.47
Algo_Md5VsSha256.Md5;ConsoleApp;Algo_Md5VsSha256;Md5;Default;Default;Default;Default;Default;Default;Default;Default;Default;Default;Default;Default;Default;Default;Default;Default;Default;Default;Default;Default;Default;Default;Default;Default;Default;Default;Default;Default;Default;Default;Default;Default;Default;Default;Default;Default;Default;Default;Default;Default;Default;DefaultJob;;1;Workload;Result;3;744508600;32768;22720.6
Algo_Md5VsSha256.Md5;ConsoleApp;Algo_Md5VsSha256;Md5;Default;Default;Default;Default;Default;Default;Default;Default;Default;Default;Default;Default;Default;Default;Default;Default;Default;Default;Default;Default;Default;Default;Default;Default;Default;Default;Default;Default;Default;Default;Default;Default;Default;Default;Default;Default;Default;Default;Default;Default;Default;DefaultJob;;1;Workload;Result;4;739385200;32768;22564.25
Algo_Md5VsSha256.Md5;ConsoleApp;Algo_Md5VsSha256;Md5;Default;Default;Default;Default;Default;Default;Default;Default;Default;Default;Default;Default;Default;Default;Default;Default;Default;Default;Default;Default;Default;Default;Default;Default;Default;Default;Default;Default;Default;Default;Default;Default;Default;Default;Default;Default;Default;Default;Default;Default;Default;DefaultJob;;1;Workload;Result;5;746944300;32768;22794.93
Algo_Md5VsSha256.Md5;ConsoleApp;Algo_Md5VsSha256;Md5;Default;Default;Default;Default;Default;Default;Default;Default;Default;Default;Default;Default;Default;Default;Default;Default;Default;Default;Default;Default;Default;Default;Default;Default;Default;Default;Default;Default;Default;Default;Default;Default;Default;Default;Default;Default;Default;Default;Default;Default;Default;DefaultJob;;1;Workload;Result;6;744464800;32768;22719.26
Algo_Md5VsSha256.Md5;ConsoleApp;Algo_Md5VsSha256;Md5;Default;Default;Default;Default;Default;Default;Default;Default;Default;Default;Default;Default;Default;Default;Default;Default;Default;Default;Default;Default;Default;Default;Default;Default;Default;Default;Default;Default;Default;Default;Default;Default;Default;Default;Default;Default;Default;Default;Default;Default;Default;DefaultJob;;1;Workload;Result;7;741941600;32768;22642.26
Algo_Md5VsSha256.Md5;ConsoleApp;Algo_Md5VsSha256;Md5;Default;Default;Default;Default;Default;Default;Default;Default;Default;Default;Default;Default;Default;Default;Default;Default;Default;Default;Default;Default;Default;Default;Default;Default;Default;Default;Default;Default;Default;Default;Default;Default;Default;Default;Default;Default;Default;Default;Default;Default;Default;DefaultJob;;1;Workload;Result;8;742336600;32768;22654.32
Algo_Md5VsSha256.Md5;ConsoleApp;Algo_Md5VsSha256;Md5;Default;Default;Default;Default;Default;Default;Default;Default;Default;Default;Default;Default;Default;Default;Default;Default;Default;Default;Default;Default;Default;Default;Default;Default;Default;Default;Default;Default;Default;Default;Default;Default;Default;Default;Default;Default;Default;Default;Default;Default;Default;DefaultJob;;1;Workload;Result;9;751326100;32768;22928.65
Algo_Md5VsSha256.Md5;ConsoleApp;Algo_Md5VsSha256;Md5;Default;Default;Default;Default;Default;Default;Default;Default;Default;Default;Default;Default;Default;Default;Default;Default;Default;Default;Default;Default;Default;Default;Default;Default;Default;Default;Default;Default;Default;Default;Default;Default;Default;Default;Default;Default;Default;Default;Default;Default;Default;DefaultJob;;1;Workload;Result;10;742805000;32768;22668.61
Algo_Md5VsSha256.Md5;ConsoleApp;Algo_Md5VsSha256;Md5;Default;Default;Default;Default;Default;Default;Default;Default;Default;Default;Default;Default;Default;Default;Default;Default;Default;Default;Default;Default;Default;Default;Default;Default;Default;Default;Default;Default;Default;Default;Default;Default;Default;Default;Default;Default;Default;Default;Default;Default;Default;DefaultJob;;1;Workload;Result;11;743522200;32768;22690.5
Algo_Md5VsSha256.Md5;ConsoleApp;Algo_Md5VsSha256;Md5;Default;Default;Default;Default;Default;Default;Default;Default;Default;Default;Default;Default;Default;Default;Default;Default;Default;Default;Default;Default;Default;Default;Default;Default;Default;Default;Default;Default;Default;Default;Default;Default;Default;Default;Default;Default;Default;Default;Default;Default;Default;DefaultJob;;1;Workload;Result;12;738553600;32768;22538.87
Algo_Md5VsSha256.Md5;ConsoleApp;Algo_Md5VsSha256;Md5;Default;Default;Default;Default;Default;Default;Default;Default;Default;Default;Default;Default;Default;Default;Default;Default;Default;Default;Default;Default;Default;Default;Default;Default;Default;Default;Default;Default;Default;Default;Default;Default;Default;Default;Default;Default;Default;Default;Default;Default;Default;DefaultJob;;1;Workload;Result;13;737657500;32768;22511.52
Algo_Md5VsSha256.Md5;ConsoleApp;Algo_Md5VsSha256;Md5;Default;Default;Default;Default;Default;Default;Default;Default;Default;Default;Default;Default;Default;Default;Default;Default;Default;Default;Default;Default;Default;Default;Default;Default;Default;Default;Default;Default;Default;Default;Default;Default;Default;Default;Default;Default;Default;Default;Default;Default;Default;DefaultJob;;1;Workload;Result;14;751858300;32768;22944.89
Algo_Md5VsSha256.Md5;ConsoleApp;Algo_Md5VsSha256;Md5;Default;Default;Default;Default;Default;Default;Default;Default;Default;Default;Default;Default;Default;Default;Default;Default;Default;Default;Default;Default;Default;Default;Default;Default;Default;Default;Default;Default;Default;Default;Default;Default;Default;Default;Default;Default;Default;Default;Default;Default;Default;DefaultJob;;1;Workload;Result;15;750264400;32768;22896.25
Algo_Md5VsSha256.Sha256;ConsoleApp;Algo_Md5VsSha256;Sha256;Default;Default;Default;Default;Default;Default;Default;Default;Default;Default;Default;Default;Default;Default;Default;Default;Default;Default;Default;Default;Default;Default;Default;Default;Default;Default;Default;Default;Default;Default;Default;Default;Default;Default;Default;Default;Default;Default;Default;Default;Default;DefaultJob;;1;Overhead;Jitting;1;891500;1;891500
Algo_Md5VsSha256.Sha256;ConsoleApp;Algo_Md5VsSha256;Sha256;Default;Default;Default;Default;Default;Default;Default;Default;Default;Default;Default;Default;Default;Default;Default;Default;Default;Default;Default;Default;Default;Default;Default;Default;Default;Default;Default;Default;Default;Default;Default;Default;Default;Default;Default;Default;Default;Default;Default;Default;Default;DefaultJob;;1;Workload;Jitting;1;3958200;1;3958200
Algo_Md5VsSha256.Sha256;ConsoleApp;Algo_Md5VsSha256;Sha256;Default;Default;Default;Default;Default;Default;Default;Default;Default;Default;Default;Default;Default;Default;Default;Default;Default;Default;Default;Default;Default;Default;Default;Default;Default;Default;Default;Default;Default;Default;Default;Default;Default;Default;Default;Default;Default;Default;Default;Default;Default;DefaultJob;;1;Overhead;Jitting;2;2614700;16;163418.75
Algo_Md5VsSha256.Sha256;ConsoleApp;Algo_Md5VsSha256;Sha256;Default;Default;Default;Default;Default;Default;Default;Default;Default;Default;Default;Default;Default;Default;Default;Default;Default;Default;Default;Default;Default;Default;Default;Default;Default;Default;Default;Default;Default;Default;Default;Default;Default;Default;Default;Default;Default;Default;Default;Default;Default;DefaultJob;;1;Workload;Jitting;2;3859300;16;241206.25
Algo_Md5VsSha256.Sha256;ConsoleApp;Algo_Md5VsSha256;Sha256;Default;Default;Default;Default;Default;Default;Default;Default;Default;Default;Default;Default;Default;Default;Default;Default;Default;Default;Default;Default;Default;Default;Default;Default;Default;Default;Default;Default;Default;Default;Default;Default;Default;Default;Default;Default;Default;Default;Default;Default;Default;DefaultJob;;1;Workload;Pilot;1;842700;16;52668.75
Algo_Md5VsSha256.Sha256;ConsoleApp;Algo_Md5VsSha256;Sha256;Default;Default;Default;Default;Default;Default;Default;Default;Default;Default;Default;Default;Default;Default;Default;Default;Default;Default;Default;Default;Default;Default;Default;Default;Default;Default;Default;Default;Default;Default;Default;Default;Default;Default;Default;Default;Default;Default;Default;Default;Default;DefaultJob;;1;Workload;Pilot;2;2197400;32;68668.75
Algo_Md5VsSha256.Sha256;ConsoleApp;Algo_Md5VsSha256;Sha256;Default;Default;Default;Default;Default;Default;Default;Default;Default;Default;Default;Default;Default;Default;Default;Default;Default;Default;Default;Default;Default;Default;Default;Default;Default;Default;Default;Default;Default;Default;Default;Default;Default;Default;Default;Default;Default;Default;Default;Default;Default;DefaultJob;;1;Workload;Pilot;3;4876900;64;76201.56
Algo_Md5VsSha256.Sha256;ConsoleApp;Algo_Md5VsSha256;Sha256;Default;Default;Default;Default;Default;Default;Default;Default;Default;Default;Default;Default;Default;Default;Default;Default;Default;Default;Default;Default;Default;Default;Default;Default;Default;Default;Default;Default;Default;Default;Default;Default;Default;Default;Default;Default;Default;Default;Default;Default;Default;DefaultJob;;1;Workload;Pilot;4;9761500;128;76261.72
Algo_Md5VsSha256.Sha256;ConsoleApp;Algo_Md5VsSha256;Sha256;Default;Default;Default;Default;Default;Default;Default;Default;Default;Default;Default;Default;Default;Default;Default;Default;Default;Default;Default;Default;Default;Default;Default;Default;Default;Default;Default;Default;Default;Default;Default;Default;Default;Default;Default;Default;Default;Default;Default;Default;Default;DefaultJob;;1;Workload;Pilot;5;18974000;256;74117.19
Algo_Md5VsSha256.Sha256;ConsoleApp;Algo_Md5VsSha256;Sha256;Default;Default;Default;Default;Default;Default;Default;Default;Default;Default;Default;Default;Default;Default;Default;Default;Default;Default;Default;Default;Default;Default;Default;Default;Default;Default;Default;Default;Default;Default;Default;Default;Default;Default;Default;Default;Default;Default;Default;Default;Default;DefaultJob;;1;Workload;Pilot;6;34001400;512;66408.98
Algo_Md5VsSha256.Sha256;ConsoleApp;Algo_Md5VsSha256;Sha256;Default;Default;Default;Default;Default;Default;Default;Default;Default;Default;Default;Default;Default;Default;Default;Default;Default;Default;Default;Default;Default;Default;Default;Default;Default;Default;Default;Default;Default;Default;Default;Default;Default;Default;Default;Default;Default;Default;Default;Default;Default;DefaultJob;;1;Workload;Pilot;7;56211100;1024;54893.65
Algo_Md5VsSha256.Sha256;ConsoleApp;Algo_Md5VsSha256;Sha256;Default;Default;Default;Default;Default;Default;Default;Default;Default;Default;Default;Default;Default;Default;Default;Default;Default;Default;Default;Default;Default;Default;Default;Default;Default;Default;Default;Default;Default;Default;Default;Default;Default;Default;Default;Default;Default;Default;Default;Default;Default;DefaultJob;;1;Workload;Pilot;8;111393200;2048;54391.21
Algo_Md5VsSha256.Sha256;ConsoleApp;Algo_Md5VsSha256;Sha256;Default;Default;Default;Default;Default;Default;Default;Default;Default;Default;Default;Default;Default;Default;Default;Default;Default;Default;Default;Default;Default;Default;Default;Default;Default;Default;Default;Default;Default;Default;Default;Default;Default;Default;Default;Default;Default;Default;Default;Default;Default;DefaultJob;;1;Workload;Pilot;9;211748800;4096;51696.48
Algo_Md5VsSha256.Sha256;ConsoleApp;Algo_Md5VsSha256;Sha256;Default;Default;Default;Default;Default;Default;Default;Default;Default;Default;Default;Default;Default;Default;Default;Default;Default;Default;Default;Default;Default;Default;Default;Default;Default;Default;Default;Default;Default;Default;Default;Default;Default;Default;Default;Default;Default;Default;Default;Default;Default;DefaultJob;;1;Workload;Pilot;10;416776400;8192;50876.03
Algo_Md5VsSha256.Sha256;ConsoleApp;Algo_Md5VsSha256;Sha256;Default;Default;Default;Default;Default;Default;Default;Default;Default;Default;Default;Default;Default;Default;Default;Default;Default;Default;Default;Default;Default;Default;Default;Default;Default;Default;Default;Default;Default;Default;Default;Default;Default;Default;Default;Default;Default;Default;Default;Default;Default;DefaultJob;;1;Workload;Pilot;11;853686100;16384;52104.86
Algo_Md5VsSha256.Sha256;ConsoleApp;Algo_Md5VsSha256;Sha256;Default;Default;Default;Default;Default;Default;Default;Default;Default;Default;Default;Default;Default;Default;Default;Default;Default;Default;Default;Default;Default;Default;Default;Default;Default;Default;Default;Default;Default;Default;Default;Default;Default;Default;Default;Default;Default;Default;Default;Default;Default;DefaultJob;;1;Overhead;Warmup;1;75400;16384;4.6
Algo_Md5VsSha256.Sha256;ConsoleApp;Algo_Md5VsSha256;Sha256;Default;Default;Default;Default;Default;Default;Default;Default;Default;Default;Default;Default;Default;Default;Default;Default;Default;Default;Default;Default;Default;Default;Default;Default;Default;Default;Default;Default;Default;Default;Default;Default;Default;Default;Default;Default;Default;Default;Default;Default;Default;DefaultJob;;1;Overhead;Warmup;2;73400;16384;4.48
Algo_Md5VsSha256.Sha256;ConsoleApp;Algo_Md5VsSha256;Sha256;Default;Default;Default;Default;Default;Default;Default;Default;Default;Default;Default;Default;Default;Default;Default;Default;Default;Default;Default;Default;Default;Default;Default;Default;Default;Default;Default;Default;Default;Default;Default;Default;Default;Default;Default;Default;Default;Default;Default;Default;Default;DefaultJob;;1;Overhead;Warmup;3;97000;16384;5.92
Algo_Md5VsSha256.Sha256;ConsoleApp;Algo_Md5VsSha256;Sha256;Default;Default;Default;Default;Default;Default;Default;Default;Default;Default;Default;Default;Default;Default;Default;Default;Default;Default;Default;Default;Default;Default;Default;Default;Default;Default;Default;Default;Default;Default;Default;Default;Default;Default;Default;Default;Default;Default;Default;Default;Default;DefaultJob;;1;Overhead;Warmup;4;81700;16384;4.99
Algo_Md5VsSha256.Sha256;ConsoleApp;Algo_Md5VsSha256;Sha256;Default;Default;Default;Default;Default;Default;Default;Default;Default;Default;Default;Default;Default;Default;Default;Default;Default;Default;Default;Default;Default;Default;Default;Default;Default;Default;Default;Default;Default;Default;Default;Default;Default;Default;Default;Default;Default;Default;Default;Default;Default;DefaultJob;;1;Overhead;Warmup;5;99800;16384;6.09
Algo_Md5VsSha256.Sha256;ConsoleApp;Algo_Md5VsSha256;Sha256;Default;Default;Default;Default;Default;Default;Default;Default;Default;Default;Default;Default;Default;Default;Default;Default;Default;Default;Default;Default;Default;Default;Default;Default;Default;Default;Default;Default;Default;Default;Default;Default;Default;Default;Default;Default;Default;Default;Default;Default;Default;DefaultJob;;1;Overhead;Warmup;6;107000;16384;6.53
Algo_Md5VsSha256.Sha256;ConsoleApp;Algo_Md5VsSha256;Sha256;Default;Default;Default;Default;Default;Default;Default;Default;Default;Default;Default;Default;Default;Default;Default;Default;Default;Default;Default;Default;Default;Default;Default;Default;Default;Default;Default;Default;Default;Default;Default;Default;Default;Default;Default;Default;Default;Default;Default;Default;Default;DefaultJob;;1;Overhead;Warmup;7;78100;16384;4.77
Algo_Md5VsSha256.Sha256;ConsoleApp;Algo_Md5VsSha256;Sha256;Default;Default;Default;Default;Default;Default;Default;Default;Default;Default;Default;Default;Default;Default;Default;Default;Default;Default;Default;Default;Default;Default;Default;Default;Default;Default;Default;Default;Default;Default;Default;Default;Default;Default;Default;Default;Default;Default;Default;Default;Default;DefaultJob;;1;Overhead;Actual;1;91700;16384;5.6
Algo_Md5VsSha256.Sha256;ConsoleApp;Algo_Md5VsSha256;Sha256;Default;Default;Default;Default;Default;Default;Default;Default;Default;Default;Default;Default;Default;Default;Default;Default;Default;Default;Default;Default;Default;Default;Default;Default;Default;Default;Default;Default;Default;Default;Default;Default;Default;Default;Default;Default;Default;Default;Default;Default;Default;DefaultJob;;1;Overhead;Actual;2;83600;16384;5.1
Algo_Md5VsSha256.Sha256;ConsoleApp;Algo_Md5VsSha256;Sha256;Default;Default;Default;Default;Default;Default;Default;Default;Default;Default;Default;Default;Default;Default;Default;Default;Default;Default;Default;Default;Default;Default;Default;Default;Default;Default;Default;Default;Default;Default;Default;Default;Default;Default;Default;Default;Default;Default;Default;Default;Default;DefaultJob;;1;Overhead;Actual;3;103500;16384;6.32
Algo_Md5VsSha256.Sha256;ConsoleApp;Algo_Md5VsSha256;Sha256;Default;Default;Default;Default;Default;Default;Default;Default;Default;Default;Default;Default;Default;Default;Default;Default;Default;Default;Default;Default;Default;Default;Default;Default;Default;Default;Default;Default;Default;Default;Default;Default;Default;Default;Default;Default;Default;Default;Default;Default;Default;DefaultJob;;1;Overhead;Actual;4;82200;16384;5.02
Algo_Md5VsSha256.Sha256;ConsoleApp;Algo_Md5VsSha256;Sha256;Default;Default;Default;Default;Default;Default;Default;Default;Default;Default;Default;Default;Default;Default;Default;Default;Default;Default;Default;Default;Default;Default;Default;Default;Default;Default;Default;Default;Default;Default;Default;Default;Default;Default;Default;Default;Default;Default;Default;Default;Default;DefaultJob;;1;Overhead;Actual;5;171000;16384;10.44
Algo_Md5VsSha256.Sha256;ConsoleApp;Algo_Md5VsSha256;Sha256;Default;Default;Default;Default;Default;Default;Default;Default;Default;Default;Default;Default;Default;Default;Default;Default;Default;Default;Default;Default;Default;Default;Default;Default;Default;Default;Default;Default;Default;Default;Default;Default;Default;Default;Default;Default;Default;Default;Default;Default;Default;DefaultJob;;1;Overhead;Actual;6;120700;16384;7.37
Algo_Md5VsSha256.Sha256;ConsoleApp;Algo_Md5VsSha256;Sha256;Default;Default;Default;Default;Default;Default;Default;Default;Default;Default;Default;Default;Default;Default;Default;Default;Default;Default;Default;Default;Default;Default;Default;Default;Default;Default;Default;Default;Default;Default;Default;Default;Default;Default;Default;Default;Default;Default;Default;Default;Default;DefaultJob;;1;Overhead;Actual;7;168900;16384;10.31
Algo_Md5VsSha256.Sha256;ConsoleApp;Algo_Md5VsSha256;Sha256;Default;Default;Default;Default;Default;Default;Default;Default;Default;Default;Default;Default;Default;Default;Default;Default;Default;Default;Default;Default;Default;Default;Default;Default;Default;Default;Default;Default;Default;Default;Default;Default;Default;Default;Default;Default;Default;Default;Default;Default;Default;DefaultJob;;1;Overhead;Actual;8;120300;16384;7.34
Algo_Md5VsSha256.Sha256;ConsoleApp;Algo_Md5VsSha256;Sha256;Default;Default;Default;Default;Default;Default;Default;Default;Default;Default;Default;Default;Default;Default;Default;Default;Default;Default;Default;Default;Default;Default;Default;Default;Default;Default;Default;Default;Default;Default;Default;Default;Default;Default;Default;Default;Default;Default;Default;Default;Default;DefaultJob;;1;Overhead;Actual;9;124000;16384;7.57
Algo_Md5VsSha256.Sha256;ConsoleApp;Algo_Md5VsSha256;Sha256;Default;Default;Default;Default;Default;Default;Default;Default;Default;Default;Default;Default;Default;Default;Default;Default;Default;Default;Default;Default;Default;Default;Default;Default;Default;Default;Default;Default;Default;Default;Default;Default;Default;Default;Default;Default;Default;Default;Default;Default;Default;DefaultJob;;1;Overhead;Actual;10;139900;16384;8.54
Algo_Md5VsSha256.Sha256;ConsoleApp;Algo_Md5VsSha256;Sha256;Default;Default;Default;Default;Default;Default;Default;Default;Default;Default;Default;Default;Default;Default;Default;Default;Default;Default;Default;Default;Default;Default;Default;Default;Default;Default;Default;Default;Default;Default;Default;Default;Default;Default;Default;Default;Default;Default;Default;Default;Default;DefaultJob;;1;Overhead;Actual;11;117300;16384;7.16
Algo_Md5VsSha256.Sha256;ConsoleApp;Algo_Md5VsSha256;Sha256;Default;Default;Default;Default;Default;Default;Default;Default;Default;Default;Default;Default;Default;Default;Default;Default;Default;Default;Default;Default;Default;Default;Default;Default;Default;Default;Default;Default;Default;Default;Default;Default;Default;Default;Default;Default;Default;Default;Default;Default;Default;DefaultJob;;1;Overhead;Actual;12;84000;16384;5.13
Algo_Md5VsSha256.Sha256;ConsoleApp;Algo_Md5VsSha256;Sha256;Default;Default;Default;Default;Default;Default;Default;Default;Default;Default;Default;Default;Default;Default;Default;Default;Default;Default;Default;Default;Default;Default;Default;Default;Default;Default;Default;Default;Default;Default;Default;Default;Default;Default;Default;Default;Default;Default;Default;Default;Default;DefaultJob;;1;Overhead;Actual;13;84300;16384;5.15
Algo_Md5VsSha256.Sha256;ConsoleApp;Algo_Md5VsSha256;Sha256;Default;Default;Default;Default;Default;Default;Default;Default;Default;Default;Default;Default;Default;Default;Default;Default;Default;Default;Default;Default;Default;Default;Default;Default;Default;Default;Default;Default;Default;Default;Default;Default;Default;Default;Default;Default;Default;Default;Default;Default;Default;DefaultJob;;1;Overhead;Actual;14;142200;16384;8.68
Algo_Md5VsSha256.Sha256;ConsoleApp;Algo_Md5VsSha256;Sha256;Default;Default;Default;Default;Default;Default;Default;Default;Default;Default;Default;Default;Default;Default;Default;Default;Default;Default;Default;Default;Default;Default;Default;Default;Default;Default;Default;Default;Default;Default;Default;Default;Default;Default;Default;Default;Default;Default;Default;Default;Default;DefaultJob;;1;Overhead;Actual;15;78200;16384;4.77
Algo_Md5VsSha256.Sha256;ConsoleApp;Algo_Md5VsSha256;Sha256;Default;Default;Default;Default;Default;Default;Default;Default;Default;Default;Default;Default;Default;Default;Default;Default;Default;Default;Default;Default;Default;Default;Default;Default;Default;Default;Default;Default;Default;Default;Default;Default;Default;Default;Default;Default;Default;Default;Default;Default;Default;DefaultJob;;1;Overhead;Actual;16;100300;16384;6.12
Algo_Md5VsSha256.Sha256;ConsoleApp;Algo_Md5VsSha256;Sha256;Default;Default;Default;Default;Default;Default;Default;Default;Default;Default;Default;Default;Default;Default;Default;Default;Default;Default;Default;Default;Default;Default;Default;Default;Default;Default;Default;Default;Default;Default;Default;Default;Default;Default;Default;Default;Default;Default;Default;Default;Default;DefaultJob;;1;Overhead;Actual;17;80700;16384;4.93
Algo_Md5VsSha256.Sha256;ConsoleApp;Algo_Md5VsSha256;Sha256;Default;Default;Default;Default;Default;Default;Default;Default;Default;Default;Default;Default;Default;Default;Default;Default;Default;Default;Default;Default;Default;Default;Default;Default;Default;Default;Default;Default;Default;Default;Default;Default;Default;Default;Default;Default;Default;Default;Default;Default;Default;DefaultJob;;1;Overhead;Actual;18;99700;16384;6.09
Algo_Md5VsSha256.Sha256;ConsoleApp;Algo_Md5VsSha256;Sha256;Default;Default;Default;Default;Default;Default;Default;Default;Default;Default;Default;Default;Default;Default;Default;Default;Default;Default;Default;Default;Default;Default;Default;Default;Default;Default;Default;Default;Default;Default;Default;Default;Default;Default;Default;Default;Default;Default;Default;Default;Default;DefaultJob;;1;Overhead;Actual;19;78000;16384;4.76
Algo_Md5VsSha256.Sha256;ConsoleApp;Algo_Md5VsSha256;Sha256;Default;Default;Default;Default;Default;Default;Default;Default;Default;Default;Default;Default;Default;Default;Default;Default;Default;Default;Default;Default;Default;Default;Default;Default;Default;Default;Default;Default;Default;Default;Default;Default;Default;Default;Default;Default;Default;Default;Default;Default;Default;DefaultJob;;1;Overhead;Actual;20;116700;16384;7.12
Algo_Md5VsSha256.Sha256;ConsoleApp;Algo_Md5VsSha256;Sha256;Default;Default;Default;Default;Default;Default;Default;Default;Default;Default;Default;Default;Default;Default;Default;Default;Default;Default;Default;Default;Default;Default;Default;Default;Default;Default;Default;Default;Default;Default;Default;Default;Default;Default;Default;Default;Default;Default;Default;Default;Default;DefaultJob;;1;Workload;Warmup;1;854570600;16384;52158.85
Algo_Md5VsSha256.Sha256;ConsoleApp;Algo_Md5VsSha256;Sha256;Default;Default;Default;Default;Default;Default;Default;Default;Default;Default;Default;Default;Default;Default;Default;Default;Default;Default;Default;Default;Default;Default;Default;Default;Default;Default;Default;Default;Default;Default;Default;Default;Default;Default;Default;Default;Default;Default;Default;Default;Default;DefaultJob;;1;Workload;Warmup;2;854342000;16384;52144.9
Algo_Md5VsSha256.Sha256;ConsoleApp;Algo_Md5VsSha256;Sha256;Default;Default;Default;Default;Default;Default;Default;Default;Default;Default;Default;Default;Default;Default;Default;Default;Default;Default;Default;Default;Default;Default;Default;Default;Default;Default;Default;Default;Default;Default;Default;Default;Default;Default;Default;Default;Default;Default;Default;Default;Default;DefaultJob;;1;Workload;Warmup;3;841629700;16384;51369
Algo_Md5VsSha256.Sha256;ConsoleApp;Algo_Md5VsSha256;Sha256;Default;Default;Default;Default;Default;Default;Default;Default;Default;Default;Default;Default;Default;Default;Default;Default;Default;Default;Default;Default;Default;Default;Default;Default;Default;Default;Default;Default;Default;Default;Default;Default;Default;Default;Default;Default;Default;Default;Default;Default;Default;DefaultJob;;1;Workload;Warmup;4;835638600;16384;51003.33
Algo_Md5VsSha256.Sha256;ConsoleApp;Algo_Md5VsSha256;Sha256;Default;Default;Default;Default;Default;Default;Default;Default;Default;Default;Default;Default;Default;Default;Default;Default;Default;Default;Default;Default;Default;Default;Default;Default;Default;Default;Default;Default;Default;Default;Default;Default;Default;Default;Default;Default;Default;Default;Default;Default;Default;DefaultJob;;1;Workload;Warmup;5;835474500;16384;50993.32
Algo_Md5VsSha256.Sha256;ConsoleApp;Algo_Md5VsSha256;Sha256;Default;Default;Default;Default;Default;Default;Default;Default;Default;Default;Default;Default;Default;Default;Default;Default;Default;Default;Default;Default;Default;Default;Default;Default;Default;Default;Default;Default;Default;Default;Default;Default;Default;Default;Default;Default;Default;Default;Default;Default;Default;DefaultJob;;1;Workload;Warmup;6;838117400;16384;51154.63
Algo_Md5VsSha256.Sha256;ConsoleApp;Algo_Md5VsSha256;Sha256;Default;Default;Default;Default;Default;Default;Default;Default;Default;Default;Default;Default;Default;Default;Default;Default;Default;Default;Default;Default;Default;Default;Default;Default;Default;Default;Default;Default;Default;Default;Default;Default;Default;Default;Default;Default;Default;Default;Default;Default;Default;DefaultJob;;1;Workload;Warmup;7;844077300;16384;51518.39
Algo_Md5VsSha256.Sha256;ConsoleApp;Algo_Md5VsSha256;Sha256;Default;Default;Default;Default;Default;Default;Default;Default;Default;Default;Default;Default;Default;Default;Default;Default;Default;Default;Default;Default;Default;Default;Default;Default;Default;Default;Default;Default;Default;Default;Default;Default;Default;Default;Default;Default;Default;Default;Default;Default;Default;DefaultJob;;1;Workload;Warmup;8;832734300;16384;50826.07
Algo_Md5VsSha256.Sha256;ConsoleApp;Algo_Md5VsSha256;Sha256;Default;Default;Default;Default;Default;Default;Default;Default;Default;Default;Default;Default;Default;Default;Default;Default;Default;Default;Default;Default;Default;Default;Default;Default;Default;Default;Default;Default;Default;Default;Default;Default;Default;Default;Default;Default;Default;Default;Default;Default;Default;DefaultJob;;1;Workload;Warmup;9;859525800;16384;52461.29
Algo_Md5VsSha256.Sha256;ConsoleApp;Algo_Md5VsSha256;Sha256;Default;Default;Default;Default;Default;Default;Default;Default;Default;Default;Default;Default;Default;Default;Default;Default;Default;Default;Default;Default;Default;Default;Default;Default;Default;Default;Default;Default;Default;Default;Default;Default;Default;Default;Default;Default;Default;Default;Default;Default;Default;DefaultJob;;1;Workload;Warmup;10;830675100;16384;50700.38
Algo_Md5VsSha256.Sha256;ConsoleApp;Algo_Md5VsSha256;Sha256;Default;Default;Default;Default;Default;Default;Default;Default;Default;Default;Default;Default;Default;Default;Default;Default;Default;Default;Default;Default;Default;Default;Default;Default;Default;Default;Default;Default;Default;Default;Default;Default;Default;Default;Default;Default;Default;Default;Default;Default;Default;DefaultJob;;1;Workload;Actual;1;847147700;16384;51705.79
Algo_Md5VsSha256.Sha256;ConsoleApp;Algo_Md5VsSha256;Sha256;Default;Default;Default;Default;Default;Default;Default;Default;Default;Default;Default;Default;Default;Default;Default;Default;Default;Default;Default;Default;Default;Default;Default;Default;Default;Default;Default;Default;Default;Default;Default;Default;Default;Default;Default;Default;Default;Default;Default;Default;Default;DefaultJob;;1;Workload;Actual;2;836909000;16384;51080.87
Algo_Md5VsSha256.Sha256;ConsoleApp;Algo_Md5VsSha256;Sha256;Default;Default;Default;Default;Default;Default;Default;Default;Default;Default;Default;Default;Default;Default;Default;Default;Default;Default;Default;Default;Default;Default;Default;Default;Default;Default;Default;Default;Default;Default;Default;Default;Default;Default;Default;Default;Default;Default;Default;Default;Default;DefaultJob;;1;Workload;Actual;3;861796900;16384;52599.91
Algo_Md5VsSha256.Sha256;ConsoleApp;Algo_Md5VsSha256;Sha256;Default;Default;Default;Default;Default;Default;Default;Default;Default;Default;Default;Default;Default;Default;Default;Default;Default;Default;Default;Default;Default;Default;Default;Default;Default;Default;Default;Default;Default;Default;Default;Default;Default;Default;Default;Default;Default;Default;Default;Default;Default;DefaultJob;;1;Workload;Actual;4;851657200;16384;51981.03
Algo_Md5VsSha256.Sha256;ConsoleApp;Algo_Md5VsSha256;Sha256;Default;Default;Default;Default;Default;Default;Default;Default;Default;Default;Default;Default;Default;Default;Default;Default;Default;Default;Default;Default;Default;Default;Default;Default;Default;Default;Default;Default;Default;Default;Default;Default;Default;Default;Default;Default;Default;Default;Default;Default;Default;DefaultJob;;1;Workload;Actual;5;845607000;16384;51611.76
Algo_Md5VsSha256.Sha256;ConsoleApp;Algo_Md5VsSha256;Sha256;Default;Default;Default;Default;Default;Default;Default;Default;Default;Default;Default;Default;Default;Default;Default;Default;Default;Default;Default;Default;Default;Default;Default;Default;Default;Default;Default;Default;Default;Default;Default;Default;Default;Default;Default;Default;Default;Default;Default;Default;Default;DefaultJob;;1;Workload;Actual;6;855623700;16384;52223.13
Algo_Md5VsSha256.Sha256;ConsoleApp;Algo_Md5VsSha256;Sha256;Default;Default;Default;Default;Default;Default;Default;Default;Default;Default;Default;Default;Default;Default;Default;Default;Default;Default;Default;Default;Default;Default;Default;Default;Default;Default;Default;Default;Default;Default;Default;Default;Default;Default;Default;Default;Default;Default;Default;Default;Default;DefaultJob;;1;Workload;Actual;7;837413300;16384;51111.65
Algo_Md5VsSha256.Sha256;ConsoleApp;Algo_Md5VsSha256;Sha256;Default;Default;Default;Default;Default;Default;Default;Default;Default;Default;Default;Default;Default;Default;Default;Default;Default;Default;Default;Default;Default;Default;Default;Default;Default;Default;Default;Default;Default;Default;Default;Default;Default;Default;Default;Default;Default;Default;Default;Default;Default;DefaultJob;;1;Workload;Actual;8;841315000;16384;51349.79
Algo_Md5VsSha256.Sha256;ConsoleApp;Algo_Md5VsSha256;Sha256;Default;Default;Default;Default;Default;Default;Default;Default;Default;Default;Default;Default;Default;Default;Default;Default;Default;Default;Default;Default;Default;Default;Default;Default;Default;Default;Default;Default;Default;Default;Default;Default;Default;Default;Default;Default;Default;Default;Default;Default;Default;DefaultJob;;1;Workload;Actual;9;842402400;16384;51416.16
Algo_Md5VsSha256.Sha256;ConsoleApp;Algo_Md5VsSha256;Sha256;Default;Default;Default;Default;Default;Default;Default;Default;Default;Default;Default;Default;Default;Default;Default;Default;Default;Default;Default;Default;Default;Default;Default;Default;Default;Default;Default;Default;Default;Default;Default;Default;Default;Default;Default;Default;Default;Default;Default;Default;Default;DefaultJob;;1;Workload;Actual;10;849349300;16384;51840.17
Algo_Md5VsSha256.Sha256;ConsoleApp;Algo_Md5VsSha256;Sha256;Default;Default;Default;Default;Default;Default;Default;Default;Default;Default;Default;Default;Default;Default;Default;Default;Default;Default;Default;Default;Default;Default;Default;Default;Default;Default;Default;Default;Default;Default;Default;Default;Default;Default;Default;Default;Default;Default;Default;Default;Default;DefaultJob;;1;Workload;Actual;11;864116500;16384;52741.49
Algo_Md5VsSha256.Sha256;ConsoleApp;Algo_Md5VsSha256;Sha256;Default;Default;Default;Default;Default;Default;Default;Default;Default;Default;Default;Default;Default;Default;Default;Default;Default;Default;Default;Default;Default;Default;Default;Default;Default;Default;Default;Default;Default;Default;Default;Default;Default;Default;Default;Default;Default;Default;Default;Default;Default;DefaultJob;;1;Workload;Actual;12;832143600;16384;50790.01
Algo_Md5VsSha256.Sha256;ConsoleApp;Algo_Md5VsSha256;Sha256;Default;Default;Default;Default;Default;Default;Default;Default;Default;Default;Default;Default;Default;Default;Default;Default;Default;Default;Default;Default;Default;Default;Default;Default;Default;Default;Default;Default;Default;Default;Default;Default;Default;Default;Default;Default;Default;Default;Default;Default;Default;DefaultJob;;1;Workload;Actual;13;841432800;16384;51356.98
Algo_Md5VsSha256.Sha256;ConsoleApp;Algo_Md5VsSha256;Sha256;Default;Default;Default;Default;Default;Default;Default;Default;Default;Default;Default;Default;Default;Default;Default;Default;Default;Default;Default;Default;Default;Default;Default;Default;Default;Default;Default;Default;Default;Default;Default;Default;Default;Default;Default;Default;Default;Default;Default;Default;Default;DefaultJob;;1;Workload;Actual;14;859201100;16384;52441.47
Algo_Md5VsSha256.Sha256;ConsoleApp;Algo_Md5VsSha256;Sha256;Default;Default;Default;Default;Default;Default;Default;Default;Default;Default;Default;Default;Default;Default;Default;Default;Default;Default;Default;Default;Default;Default;Default;Default;Default;Default;Default;Default;Default;Default;Default;Default;Default;Default;Default;Default;Default;Default;Default;Default;Default;DefaultJob;;1;Workload;Actual;15;852735500;16384;52046.84
Algo_Md5VsSha256.Sha256;ConsoleApp;Algo_Md5VsSha256;Sha256;Default;Default;Default;Default;Default;Default;Default;Default;Default;Default;Default;Default;Default;Default;Default;Default;Default;Default;Default;Default;Default;Default;Default;Default;Default;Default;Default;Default;Default;Default;Default;Default;Default;Default;Default;Default;Default;Default;Default;Default;Default;DefaultJob;;1;Workload;Result;1;847045800;16384;51699.57
Algo_Md5VsSha256.Sha256;ConsoleApp;Algo_Md5VsSha256;Sha256;Default;Default;Default;Default;Default;Default;Default;Default;Default;Default;Default;Default;Default;Default;Default;Default;Default;Default;Default;Default;Default;Default;Default;Default;Default;Default;Default;Default;Default;Default;Default;Default;Default;Default;Default;Default;Default;Default;Default;Default;Default;DefaultJob;;1;Workload;Result;2;836807100;16384;51074.65
Algo_Md5VsSha256.Sha256;ConsoleApp;Algo_Md5VsSha256;Sha256;Default;Default;Default;Default;Default;Default;Default;Default;Default;Default;Default;Default;Default;Default;Default;Default;Default;Default;Default;Default;Default;Default;Default;Default;Default;Default;Default;Default;Default;Default;Default;Default;Default;Default;Default;Default;Default;Default;Default;Default;Default;DefaultJob;;1;Workload;Result;3;861695000;16384;52593.69
Algo_Md5VsSha256.Sha256;ConsoleApp;Algo_Md5VsSha256;Sha256;Default;Default;Default;Default;Default;Default;Default;Default;Default;Default;Default;Default;Default;Default;Default;Default;Default;Default;Default;Default;Default;Default;Default;Default;Default;Default;Default;Default;Default;Default;Default;Default;Default;Default;Default;Default;Default;Default;Default;Default;Default;DefaultJob;;1;Workload;Result;4;851555300;16384;51974.81
Algo_Md5VsSha256.Sha256;ConsoleApp;Algo_Md5VsSha256;Sha256;Default;Default;Default;Default;Default;Default;Default;Default;Default;Default;Default;Default;Default;Default;Default;Default;Default;Default;Default;Default;Default;Default;Default;Default;Default;Default;Default;Default;Default;Default;Default;Default;Default;Default;Default;Default;Default;Default;Default;Default;Default;DefaultJob;;1;Workload;Result;5;845505100;16384;51605.54
Algo_Md5VsSha256.Sha256;ConsoleApp;Algo_Md5VsSha256;Sha256;Default;Default;Default;Default;Default;Default;Default;Default;Default;Default;Default;Default;Default;Default;Default;Default;Default;Default;Default;Default;Default;Default;Default;Default;Default;Default;Default;Default;Default;Default;Default;Default;Default;Default;Default;Default;Default;Default;Default;Default;Default;DefaultJob;;1;Workload;Result;6;855521800;16384;52216.91
Algo_Md5VsSha256.Sha256;ConsoleApp;Algo_Md5VsSha256;Sha256;Default;Default;Default;Default;Default;Default;Default;Default;Default;Default;Default;Default;Default;Default;Default;Default;Default;Default;Default;Default;Default;Default;Default;Default;Default;Default;Default;Default;Default;Default;Default;Default;Default;Default;Default;Default;Default;Default;Default;Default;Default;DefaultJob;;1;Workload;Result;7;837311400;16384;51105.43
Algo_Md5VsSha256.Sha256;ConsoleApp;Algo_Md5VsSha256;Sha256;Default;Default;Default;Default;Default;Default;Default;Default;Default;Default;Default;Default;Default;Default;Default;Default;Default;Default;Default;Default;Default;Default;Default;Default;Default;Default;Default;Default;Default;Default;Default;Default;Default;Default;Default;Default;Default;Default;Default;Default;Default;DefaultJob;;1;Workload;Result;8;841213100;16384;51343.57
Algo_Md5VsSha256.Sha256;ConsoleApp;Algo_Md5VsSha256;Sha256;Default;Default;Default;Default;Default;Default;Default;Default;Default;Default;Default;Default;Default;Default;Default;Default;Default;Default;Default;Default;Default;Default;Default;Default;Default;Default;Default;Default;Default;Default;Default;Default;Default;Default;Default;Default;Default;Default;Default;Default;Default;DefaultJob;;1;Workload;Result;9;842300500;16384;51409.94
Algo_Md5VsSha256.Sha256;ConsoleApp;Algo_Md5VsSha256;Sha256;Default;Default;Default;Default;Default;Default;Default;Default;Default;Default;Default;Default;Default;Default;Default;Default;Default;Default;Default;Default;Default;Default;Default;Default;Default;Default;Default;Default;Default;Default;Default;Default;Default;Default;Default;Default;Default;Default;Default;Default;Default;DefaultJob;;1;Workload;Result;10;849247400;16384;51833.95
Algo_Md5VsSha256.Sha256;ConsoleApp;Algo_Md5VsSha256;Sha256;Default;Default;Default;Default;Default;Default;Default;Default;Default;Default;Default;Default;Default;Default;Default;Default;Default;Default;Default;Default;Default;Default;Default;Default;Default;Default;Default;Default;Default;Default;Default;Default;Default;Default;Default;Default;Default;Default;Default;Default;Default;DefaultJob;;1;Workload;Result;11;864014600;16384;52735.27
Algo_Md5VsSha256.Sha256;ConsoleApp;Algo_Md5VsSha256;Sha256;Default;Default;Default;Default;Default;Default;Default;Default;Default;Default;Default;Default;Default;Default;Default;Default;Default;Default;Default;Default;Default;Default;Default;Default;Default;Default;Default;Default;Default;Default;Default;Default;Default;Default;Default;Default;Default;Default;Default;Default;Default;DefaultJob;;1;Workload;Result;12;832041700;16384;50783.8
Algo_Md5VsSha256.Sha256;ConsoleApp;Algo_Md5VsSha256;Sha256;Default;Default;Default;Default;Default;Default;Default;Default;Default;Default;Default;Default;Default;Default;Default;Default;Default;Default;Default;Default;Default;Default;Default;Default;Default;Default;Default;Default;Default;Default;Default;Default;Default;Default;Default;Default;Default;Default;Default;Default;Default;DefaultJob;;1;Workload;Result;13;841330900;16384;51350.76
Algo_Md5VsSha256.Sha256;ConsoleApp;Algo_Md5VsSha256;Sha256;Default;Default;Default;Default;Default;Default;Default;Default;Default;Default;Default;Default;Default;Default;Default;Default;Default;Default;Default;Default;Default;Default;Default;Default;Default;Default;Default;Default;Default;Default;Default;Default;Default;Default;Default;Default;Default;Default;Default;Default;Default;DefaultJob;;1;Workload;Result;14;859099200;16384;52435.25
Algo_Md5VsSha256.Sha256;ConsoleApp;Algo_Md5VsSha256;Sha256;Default;Default;Default;Default;Default;Default;Default;Default;Default;Default;Default;Default;Default;Default;Default;Default;Default;Default;Default;Default;Default;Default;Default;Default;Default;Default;Default;Default;Default;Default;Default;Default;Default;Default;Default;Default;Default;Default;Default;Default;Default;DefaultJob;;1;Workload;Result;15;852633600;16384;52040.63
